model_family,rows,assisted_rows,mean_speedup_vs_hf_generate,median_speedup_vs_hf_generate,best_speedup_vs_hf_generate,slowdown_rate,exact_match_rate
llama,18,9,0.8082201166241583,0.7667570379042977,1.2423157494685255,0.7777777777777778,0.3333333333333333
qwen,18,9,0.4735475015136283,0.425189932466851,0.8707008594739524,1.0,0.5555555555555556
