model_family,temperature,rows,mean_speedup,median_speedup,std_speedup,best_speedup,worst_speedup,slowdown_rate,mean_acceptance_rate,mean_draft_overhead_ms,verifier_calls_per_output_token
llama,0.0,240,0.9345028002356159,0.8824466765803698,0.32129730707547843,2.4087146031299556,0.3530684857273512,0.6916666666666667,0.7271453080336758,2156.807512762551,0.5273280423280423
llama,0.3,240,0.9246169504635764,0.8310441099889316,0.5641251786414595,3.4082302458847296,0.0408582960539651,0.6916666666666667,0.7271453080336758,2117.000840029077,0.5273280423280423
llama,0.7,240,1.3409805627397102,0.8939271710843624,1.9895759163873032,12.841767892862556,0.0406765106192593,0.6375,0.7271453080336758,2116.570381058587,0.5273280423280423
qwen,0.0,240,0.6096170255895361,0.5821650770795463,0.18064149987440128,1.573925748118825,0.3314886885543695,0.975,0.5968224455062738,4034.974769742071,0.5545572916666667
qwen,0.3,240,0.5864665026990781,0.5834289492678559,0.10306504868366768,0.801644207555614,0.333816719629978,1.0,0.5968224455062738,3990.3254605206466,0.5545572916666667
qwen,0.7,240,0.5848104479771261,0.5822526907462164,0.10291095785249472,0.8017462734755654,0.3324756838970677,1.0,0.5968224455062738,3991.8513891000316,0.5545572916666667
