model_family,rows,mean_speedup,median_speedup,std_speedup,best_speedup,worst_speedup,slowdown_rate,mean_acceptance_rate,mean_draft_overhead_ms,verifier_calls_per_output_token
llama,720,1.066700104479634,0.8689301676489837,1.2221223042171836,12.841767892862556,0.0406765106192593,0.6736111111111112,0.7271453080336758,2130.1262446167384,0.5273280423280423
qwen,720,0.5936313254219134,0.5826025840791289,0.1342632554927334,1.573925748118825,0.3314886885543695,0.9916666666666667,0.596822445506274,4005.7172064542497,0.5545572916666667
