model_family,run_label,rows,mean_speedup,median_speedup,std_speedup,best_speedup,worst_speedup,slowdown_rate,mean_acceptance_rate,mean_draft_overhead_ms,verifier_calls_per_output_token
llama,llama_seed42,360,1.1263721176714876,0.8793809842708616,1.3393877909499647,12.841767892862556,0.0479531934326651,0.6611111111111111,0.7271453080336758,2075.1216216388184,0.5273280423280423
llama,llama_seed43,360,1.0070280912877805,0.8572754283825059,1.090974454856236,12.682345506735407,0.0406765106192593,0.6861111111111111,0.7271453080336758,2185.1308675946584,0.5273280423280423
qwen,qwen_seed42,360,0.5937798471592519,0.5818110220119377,0.13535273187234653,1.573925748118825,0.3315312168511803,0.9916666666666667,0.596822445506274,3935.125015516654,0.5545572916666667
qwen,qwen_seed43,360,0.5934828036845748,0.5826850999187725,0.1333531053876642,1.5377770092727718,0.3314886885543695,0.9916666666666667,0.596822445506274,4076.309397391846,0.5545572916666667
