model_family,draft_k,rows,mean_speedup,median_speedup,std_speedup,best_speedup,worst_speedup,slowdown_rate,mean_acceptance_rate,mean_draft_overhead_ms,verifier_calls_per_output_token
llama,1.0,180,0.8210373209355546,0.6593418758486633,1.2885027596756073,11.146355397923369,0.0461393806580564,0.9,0.830896164021164,1762.1320451610056,1.0
llama,2.0,180,1.1047130890431083,0.9359590954110573,1.4731880343343433,12.841767892862556,0.0689041975885971,0.8833333333333333,0.7915695046986975,1832.0119236555558,0.5471858465608466
llama,4.0,180,1.2068228501504403,1.1270187521256552,1.1850059606827,10.17950085590807,0.0672908182503662,0.45,0.7000871269747581,2139.700845533457,0.33171626984126984
llama,8.0,180,1.1342271577894336,1.0675471031897348,0.823487998551691,6.174309607883329,0.0406765106192593,0.46111111111111114,0.5860284364400837,2786.660164116936,0.2304100529100529
qwen,1.0,180,0.5422184589554891,0.5401238351115387,0.017778759796296104,0.7036188124385245,0.532649581490851,1.0,0.7671875,2848.511958689194,1.0
qwen,2.0,180,0.6590212719350959,0.6315306756595027,0.09968412095032253,1.5008939174366869,0.5916420660066759,0.9888888888888889,0.6774928549120178,3190.942396288875,0.5755208333333334
qwen,4.0,180,0.6519860755158222,0.5993823359794495,0.13771120645066257,1.573925748118825,0.5254128646392245,0.9888888888888889,0.5488802328067247,4027.720193311643,0.36666666666666664
qwen,8.0,180,0.5212994952812463,0.43454125990098763,0.16597596047162416,1.398791422184143,0.3314886885543695,0.9888888888888889,0.39372919430635317,5955.694277527288,0.2760416666666667
